<?xml version="1.0" encoding="UTF-8"?>
<project-private xmlns="http://www.netbeans.org/ns/project-private/1">
    <editor-bookmarks xmlns="http://www.netbeans.org/ns/editor-bookmarks/2" lastBookmarkId="0"/>
    <open-files xmlns="http://www.netbeans.org/ns/projectui-open-files/2">
        <group>
            <file>file:/C:/Users/91904/Documents/NetBeansProjects/LoginApplication/web/viewTrain.jsp</file>
            <file>file:/C:/Users/91904/Documents/NetBeansProjects/LoginApplication/web/cancel.jsp</file>
            <file>file:/C:/Users/91904/Documents/NetBeansProjects/LoginApplication/src/java/bookDao.java</file>
            <file>file:/C:/Users/91904/Documents/NetBeansProjects/LoginApplication/src/java/reservlet.java</file>
            <file>file:/C:/Users/91904/Documents/NetBeansProjects/LoginApplication/web/booksuccess.jsp</file>
            <file>file:/C:/Users/91904/Documents/NetBeansProjects/LoginApplication/web/not.jsp</file>
            <file>file:/C:/Users/91904/Documents/NetBeansProjects/LoginApplication/web/Hosi.jsp</file>
            <file>file:/C:/Users/91904/Documents/NetBeansProjects/LoginApplication/src/java/bookservlet.java</file>
            <file>file:/C:/Users/91904/Documents/NetBeansProjects/LoginApplication/web/err.jsp</file>
            <file>file:/C:/Users/91904/Documents/NetBeansProjects/LoginApplication/src/java/loservlet.java</file>
            <file>file:/C:/Users/91904/Documents/NetBeansProjects/LoginApplication/web/book.jsp</file>
            <file>file:/C:/Users/91904/Documents/NetBeansProjects/LoginApplication/web/viewTicket.jsp</file>
            <file>file:/C:/Users/91904/Documents/NetBeansProjects/LoginApplication/web/Home.jsp</file>
        </group>
    </open-files>
</project-private>
