<?xml version="1.0" encoding="UTF-8"?>
<project-private xmlns="http://www.netbeans.org/ns/project-private/1">
    <editor-bookmarks xmlns="http://www.netbeans.org/ns/editor-bookmarks/2" lastBookmarkId="0"/>
    <open-files xmlns="http://www.netbeans.org/ns/projectui-open-files/2">
        <group>
            <file>file:/C:/Users/91904/Documents/NetBeansProjects/LoginEJB/src/java/com/proj/login/SignSessionBean.java</file>
            <file>file:/C:/Users/91904/Documents/NetBeansProjects/LoginEJB/src/java/com/proj/login/LoginSessionBean.java</file>
        </group>
    </open-files>
</project-private>
